[{"pos_x": 12.5, "pos_y": -6.4, "rotation": 0.0, "side": "top", "designator": "H3", "mpn": null, "pack": "MountingHole_3mm", "value": "PWR", "mount_type": "tht", "place": true}, {"pos_x": 42.0, "pos_y": -43.9, "rotation": 0.0, "side": "top", "designator": "H7", "mpn": null, "pack": "MountingHole_6mm", "value": "+", "mount_type": "tht", "place": true}, {"pos_x": 13.6, "pos_y": -44.3, "rotation": 0.0, "side": "top", "designator": "H10", "mpn": null, "pack": "MountingHole_6.4mm_M6", "value": "Input", "mount_type": "tht", "place": true}, {"pos_x": 96.0, "pos_y": -6.4, "rotation": 0.0, "side": "top", "designator": "H4", "mpn": null, "pack": "MountingHole_2.2mm_M2", "value": "LCD", "mount_type": "tht", "place": true}, {"pos_x": 74.15, "pos_y": -44.1, "rotation": 0.0, "side": "top", "designator": "H9", "mpn": null, "pack": "MountingHole_6mm", "value": "-", "mount_type": "tht", "place": true}, {"pos_x": 21.0, "pos_y": -37.4, "rotation": 0.0, "side": "top", "designator": "H6", "mpn": null, "pack": "MountingHole_2.2mm_M2", "value": "LCD", "mount_type": "tht", "place": true}, {"pos_x": 12.5, "pos_y": -22.1, "rotation": 0.0, "side": "top", "designator": "H2", "mpn": null, "pack": "MountingHole_3mm", "value": "GPSLock", "mount_type": "tht", "place": true}, {"pos_x": 58.2, "pos_y": -44.2, "rotation": 0.0, "side": "top", "designator": "H8", "mpn": null, "pack": "MountingHole_6mm", "value": "Menu", "mount_type": "tht", "place": true}, {"pos_x": 96.1, "pos_y": -37.5, "rotation": 0.0, "side": "top", "designator": "H5", "mpn": null, "pack": "MountingHole_2.2mm_M2", "value": "LCD", "mount_type": "tht", "place": true}, {"pos_x": 21.0, "pos_y": -6.4, "rotation": 0.0, "side": "top", "designator": "H1", "mpn": null, "pack": "MountingHole_2.2mm_M2", "value": "LCD", "mount_type": "tht", "place": true}]